region_encoded,store_encoded,product_encoded,category_encoded,price,promotion_flag,holiday_flag,inventory,month,weekday,is_weekend,trend_score,predicted_units_sold,region,product_id,restock_flag,restock_qty
1,3,2,2,55.37,0,0,141,6,3,0,62.0,91.46455,Indore,P003,1,163
1,2,3,0,123.48,0,0,253,7,6,1,100.0,185.50214,Indore,P004,1,333
1,3,1,4,96.58,1,0,267,8,5,1,0.0,190.20363,Indore,P002,1,333
2,4,0,3,182.13,0,0,187,8,5,1,0.0,137.28687,Mumbai,P001,1,254
0,0,1,4,177.15,1,0,223,6,1,0,0.0,159.76314,Delhi,P002,1,286
1,3,2,2,77.21,0,0,179,6,4,0,68.0,139.24973,Indore,P003,1,268
2,4,2,2,123.54,0,0,176,6,1,0,48.0,127.59515,Mumbai,P003,1,236
1,3,3,0,103.11,1,0,250,7,3,0,59.0,192.34393,Indore,P004,1,357
1,3,0,3,135.22,0,0,196,6,3,0,0.0,151.26936,Indore,P001,1,287
1,2,3,0,113.23,0,0,111,8,6,1,57.0,76.88077,Indore,P004,1,149
2,4,3,0,124.7,0,0,150,7,0,0,74.0,88.611725,Mumbai,P004,1,145
2,4,3,0,165.07,0,0,195,6,1,0,0.0,142.35326,Mumbai,P004,1,262
0,1,4,1,102.66,0,0,134,8,3,0,0.0,67.28579,Delhi,P005,1,97
2,4,3,0,148.02,1,0,237,8,5,1,0.0,176.86018,Mumbai,P004,1,323
2,4,3,0,90.59,0,0,131,8,4,0,0.0,82.843994,Mumbai,P004,1,147
2,5,4,1,177.44,0,0,218,6,5,1,0.0,158.546,Mumbai,P005,1,287
1,3,3,0,158.57,0,0,199,7,5,1,72.0,132.48232,Indore,P004,1,228
0,0,3,0,190.73,0,0,153,7,3,0,0.0,98.24122,Delhi,P004,1,171
1,2,0,3,172.95,0,0,232,8,6,1,0.0,178.21133,Indore,P001,1,332
0,1,0,3,72.33,0,0,148,6,0,0,0.0,101.56697,Delhi,P001,1,186
1,2,0,3,172.07,0,0,203,8,4,0,0.0,158.58841,Indore,P001,1,302
2,5,2,2,110.2,0,0,174,7,0,0,60.0,120.026634,Mumbai,P003,1,216
1,3,3,0,107.96,0,0,214,8,0,0,85.0,147.23965,Indore,P004,1,257
0,1,2,2,163.31,0,0,175,8,4,0,56.0,127.30543,Delhi,P003,1,236
1,3,0,3,51.63,1,0,286,7,5,1,0.0,208.36868,Indore,P001,1,369
2,5,3,0,85.73,0,0,213,7,3,0,0.0,155.13069,Mumbai,P004,1,282
1,2,3,0,123.37,0,0,103,8,4,0,71.0,65.0389,Indore,P004,1,122
2,4,1,4,69.1,0,0,190,6,4,0,76.0,157.71266,Mumbai,P002,1,313
0,0,3,0,150.55,0,0,223,7,4,0,0.0,166.05783,Delhi,P004,1,305
0,0,1,4,123.05,0,0,143,7,5,1,0.0,98.19631,Delhi,P002,1,181
1,3,1,4,144.68,0,1,282,6,0,0,0.0,219.31902,Indore,P002,1,405
1,3,2,2,147.9,0,0,129,7,4,0,38.0,71.08617,Indore,P003,1,114
1,2,4,1,70.59,1,0,126,8,3,0,0.0,102.06801,Indore,P005,1,210
0,1,3,0,74.44,1,0,309,7,0,0,0.0,221.45728,Delhi,P004,1,385
2,4,3,0,173.93,0,0,153,8,4,0,0.0,113.87635,Mumbai,P004,1,218
0,0,2,2,176.19,0,0,116,7,4,0,53.0,96.8469,Delhi,P003,1,204
2,5,2,2,154.14,0,0,202,6,5,1,60.0,155.35994,Mumbai,P003,1,294
2,5,1,4,84.11,0,0,220,8,5,1,45.0,149.75284,Mumbai,P002,1,259
0,0,4,1,134.87,0,0,177,8,1,0,0.0,126.30829,Delhi,P005,1,231
1,3,0,3,106.85,0,0,264,8,3,0,0.0,178.33351,Indore,P001,1,301
0,0,0,3,33.06,0,0,116,6,6,1,0.0,78.43445,Delhi,P001,1,149
2,4,4,1,113.26,0,0,288,7,4,0,0.0,207.80528,Mumbai,P005,1,365
2,4,1,4,31.49,0,0,170,7,5,1,50.0,105.08813,Mumbai,P002,1,175
1,3,4,1,87.12,0,0,259,6,2,0,0.0,175.86032,Indore,P005,1,298
1,2,3,0,153.44,0,0,100,8,0,0,85.0,77.91083,Indore,P004,1,163
2,5,1,4,194.89,0,0,85,6,1,0,41.0,47.219143,Mumbai,P002,1,86
2,5,0,3,67.42,0,0,167,6,3,0,0.0,136.09499,Mumbai,P001,1,271
0,0,4,1,112.41,0,0,172,6,4,0,0.0,102.68947,Delhi,P005,1,166
2,5,3,0,138.65,1,0,150,6,0,0,0.0,103.14285,Mumbai,P004,1,189
0,1,0,3,168.84,0,1,193,6,0,0,0.0,170.17096,Delhi,P001,1,347
2,4,3,0,177.26,0,0,230,7,0,0,0.0,159.93927,Mumbai,P004,1,279
1,2,3,0,75.18,0,0,180,8,5,1,57.0,129.88774,Indore,P004,1,239
2,4,2,2,58.7,1,0,259,7,3,0,70.0,192.18704,Mumbai,P003,1,347
0,0,3,0,79.72,0,0,210,8,5,1,0.0,156.22282,Delhi,P004,1,288
2,5,3,0,102.55,0,0,156,6,3,0,74.0,120.4799,Mumbai,P004,1,235
0,0,2,2,167.0,1,0,170,7,2,0,49.0,140.66652,Delhi,P003,1,281
1,3,4,1,174.41,0,0,186,7,5,1,0.0,133.27101,Indore,P005,1,243
1,2,3,0,174.4,0,0,154,8,3,0,56.0,108.92976,Indore,P004,1,202
0,1,1,4,91.99,1,0,222,8,4,0,0.0,169.41418,Delhi,P002,1,316
1,3,0,3,159.68,0,0,148,7,1,0,0.0,97.126175,Indore,P001,1,173
2,4,3,0,185.12,0,0,268,8,6,1,0.0,183.75693,Mumbai,P004,1,313
0,1,3,0,123.32,0,0,196,8,3,0,0.0,133.25128,Delhi,P004,1,233
2,4,1,4,160.25,1,0,292,7,5,1,53.0,211.32024,Mumbai,P002,1,371
1,2,2,2,159.48,0,0,187,6,6,1,71.0,141.67769,Indore,P003,1,268
0,1,1,4,158.01,1,0,276,7,6,1,0.0,199.8683,Delhi,P002,1,353
2,4,3,0,181.09,1,0,192,6,5,1,0.0,131.42952,Mumbai,P004,1,232
1,3,3,0,175.29,1,0,261,7,4,0,67.0,204.61046,Indore,P004,1,382
0,0,3,0,118.82,0,0,148,7,0,0,0.0,89.51828,Delhi,P004,1,150
2,4,3,0,73.05,1,0,301,7,5,1,0.0,216.7331,Mumbai,P004,1,379
1,3,2,2,67.79,0,0,189,7,2,0,56.0,141.93718,Indore,P003,1,266
0,0,1,4,193.04,0,0,179,8,2,0,0.0,138.14133,Delhi,P002,1,265
0,0,4,1,141.21,0,0,228,6,3,0,0.0,172.71281,Delhi,P005,1,320
1,3,2,2,192.38,0,0,166,7,1,0,71.0,107.78122,Indore,P003,1,187
1,2,3,0,165.28,0,0,136,7,2,0,58.0,72.51446,Indore,P004,1,111
0,1,4,1,117.31,0,0,160,6,5,1,0.0,120.02983,Delhi,P005,1,230
1,3,2,2,162.63,0,0,153,8,2,0,59.0,118.312744,Indore,P003,1,231
2,5,1,4,73.72,0,1,231,8,3,0,73.0,173.05096,Mumbai,P002,1,318
0,1,1,4,45.88,0,0,94,6,5,1,0.0,70.29294,Delhi,P002,1,146
2,4,4,1,167.39,0,0,250,8,6,1,0.0,166.39384,Mumbai,P005,1,279
2,4,1,4,192.49,0,0,199,6,6,1,100.0,161.57915,Mumbai,P002,1,315
2,4,2,2,64.58,0,0,119,7,2,0,58.0,65.74349,Mumbai,P003,1,108
2,5,3,0,175.71,0,0,236,8,5,1,0.0,164.60426,Mumbai,P004,1,287
0,0,2,2,145.44,1,0,237,8,6,1,65.0,184.42424,Delhi,P003,1,346
2,4,0,3,115.06,0,0,145,7,2,0,0.0,91.6965,Mumbai,P001,1,160
2,4,1,4,175.07,1,0,222,7,3,0,72.0,170.2282,Mumbai,P002,1,318
1,3,4,1,168.89,1,0,181,6,1,0,0.0,119.64735,Indore,P005,1,207
0,0,3,0,147.09,0,0,150,8,0,0,0.0,83.54797,Delhi,P004,1,130
1,3,3,0,116.28,0,0,137,7,3,0,72.0,74.80701,Indore,P004,1,117
1,3,4,1,128.56,0,0,142,7,4,0,0.0,91.4631,Indore,P005,1,162
0,0,2,2,96.99,0,0,215,7,3,0,55.0,161.03432,Delhi,P003,1,298
0,1,3,0,87.45,0,0,171,8,4,0,0.0,96.08466,Delhi,P004,1,147
0,0,2,2,79.9,0,0,253,7,1,0,47.0,166.05975,Delhi,P003,1,275
0,1,2,2,69.72,0,0,172,7,5,1,66.0,120.79437,Delhi,P003,1,220
2,5,4,1,153.82,0,0,132,6,3,0,0.0,80.64904,Mumbai,P005,1,139
0,0,4,1,51.99,0,0,154,8,6,1,0.0,69.6867,Delhi,P005,1,85
1,3,4,1,42.06,0,0,140,7,2,0,0.0,92.03638,Indore,P005,1,166
0,1,1,4,165.58,0,0,192,7,0,0,0.0,151.85252,Delhi,P002,1,293
2,4,0,3,127.57,1,0,295,8,0,0,0.0,219.47057,Mumbai,P001,1,393
1,3,4,1,125.66,0,0,199,8,4,0,0.0,141.05507,Indore,P005,1,254
1,3,0,3,105.15,0,0,230,7,1,0,0.0,172.61856,Indore,P001,1,317
0,0,0,3,68.23,0,0,149,8,4,0,0.0,101.13544,Delhi,P001,1,184
1,2,3,0,151.56,0,0,249,6,2,0,53.0,172.35724,Indore,P004,1,298
0,0,3,0,146.27,0,0,151,6,0,0,0.0,108.32723,Delhi,P004,1,203
2,5,2,2,72.88,0,0,223,6,3,0,58.0,157.73932,Mumbai,P003,1,280
1,3,4,1,131.4,0,0,160,6,1,0,0.0,116.25368,Indore,P005,1,218
1,3,3,0,173.22,0,0,177,8,6,1,84.0,118.883026,Indore,P004,1,209
0,1,2,2,146.97,0,0,185,6,2,0,48.0,129.4169,Delhi,P003,1,233
2,5,4,1,95.54,0,1,233,6,0,0,0.0,172.2915,Mumbai,P005,1,313
1,3,0,3,113.62,0,0,98,7,5,1,0.0,70.854164,Indore,P001,1,144
1,2,0,3,155.74,0,0,173,6,6,1,0.0,114.32868,Indore,P001,1,199
1,2,2,2,162.57,0,0,108,8,5,1,88.0,97.8721,Indore,P003,1,215
0,1,2,2,199.6,0,0,232,6,0,0,43.0,175.66597,Delhi,P003,1,324
1,2,4,1,129.13,0,0,218,6,6,1,0.0,169.58008,Indore,P005,1,320
2,5,1,4,39.07,1,0,143,8,4,0,63.0,103.5841,Mumbai,P002,1,197
1,3,1,4,122.38,0,0,253,7,0,0,0.0,196.82977,Indore,P002,1,367
0,0,1,4,57.63,0,0,187,7,2,0,0.0,134.80988,Delhi,P002,1,247
2,4,2,2,71.93,0,0,153,6,2,0,50.0,101.5222,Mumbai,P003,1,181
2,4,0,3,36.66,0,0,270,6,0,0,0.0,179.927,Mumbai,P001,1,299
2,5,4,1,178.9,0,0,189,6,3,0,0.0,147.87975,Mumbai,P005,1,284
0,1,4,1,190.91,0,0,159,8,4,0,0.0,108.811676,Delhi,P005,1,197
1,3,3,0,59.16,0,0,132,8,4,0,61.0,83.89299,Indore,P004,1,149
2,4,0,3,99.36,0,0,263,8,2,0,0.0,180.03793,Mumbai,P001,1,307
1,3,1,4,98.6,0,0,264,8,6,1,0.0,174.71501,Indore,P002,1,290
1,3,2,2,93.25,0,0,170,7,0,0,69.0,105.79701,Indore,P003,1,177
1,2,1,4,33.6,0,0,218,7,5,1,0.0,154.38806,Indore,P002,1,275
0,0,4,1,119.0,0,0,268,7,5,1,0.0,191.1973,Delhi,P005,1,335
2,5,1,4,116.97,0,0,203,7,3,0,59.0,161.39412,Mumbai,P002,1,311
2,4,3,0,62.02,0,0,113,8,5,1,0.0,73.670334,Mumbai,P004,1,138
0,1,1,4,119.6,0,0,138,8,3,0,0.0,78.17449,Delhi,P002,1,126
2,5,0,3,89.59,0,0,163,6,6,1,0.0,106.13218,Mumbai,P001,1,185
0,0,1,4,179.89,1,0,250,7,1,0,0.0,197.81941,Delhi,P002,1,373
0,1,1,4,119.37,0,0,135,6,4,0,63.0,79.21125,Delhi,P002,1,132
1,3,1,4,173.54,1,0,255,8,3,0,0.0,198.5146,Indore,P002,1,370
1,2,2,2,42.82,0,0,183,7,1,0,71.0,136.33577,Indore,P003,1,256
2,4,4,1,183.0,0,0,157,6,1,0,0.0,113.99994,Mumbai,P005,1,214
1,2,1,4,52.21,0,0,248,8,6,1,0.0,190.35648,Indore,P002,1,353
2,4,1,4,169.55,0,0,231,6,2,0,0.0,169.78175,Mumbai,P002,1,308
2,4,4,1,140.65,0,0,247,8,2,0,0.0,186.71979,Mumbai,P005,1,343
0,0,4,1,113.96,0,0,232,6,6,1,0.0,171.58173,Delhi,P005,1,312
0,0,2,2,174.53,1,0,249,7,1,0,45.0,190.08006,Delhi,P003,1,351
0,1,4,1,151.75,0,0,256,8,4,0,0.0,187.0138,Delhi,P005,1,335
0,1,1,4,78.03,0,0,100,7,2,0,0.0,78.37941,Delhi,P002,1,165
2,5,3,0,70.66,0,0,185,6,2,0,0.0,133.17838,Mumbai,P004,1,244
0,0,2,2,148.72,0,0,150,7,6,1,100.0,89.69556,Delhi,P003,1,149
2,4,2,2,68.92,0,0,77,8,2,0,67.0,52.92095,Mumbai,P003,1,111
2,5,0,3,182.76,0,0,200,6,2,0,0.0,144.29749,Mumbai,P001,1,262
0,0,2,2,89.34,1,0,194,7,6,1,89.0,141.68921,Delhi,P003,1,261
1,2,3,0,94.26,0,0,163,6,1,0,32.0,104.24125,Indore,P004,1,179
0,0,3,0,44.1,0,0,147,7,3,0,0.0,97.376045,Delhi,P004,1,175
1,2,2,2,197.72,0,0,135,7,2,0,43.0,78.34655,Indore,P003,1,130
1,3,3,0,48.9,0,0,201,7,6,1,60.0,128.61626,Indore,P004,1,214
2,5,3,0,132.69,1,0,214,6,6,1,0.0,166.35564,Mumbai,P004,1,315
0,1,3,0,103.27,0,1,178,6,0,0,0.0,119.38503,Delhi,P004,1,210
0,0,4,1,138.31,0,0,112,6,2,0,0.0,89.10714,Delhi,P005,1,185
0,0,1,4,84.99,1,0,140,7,4,0,0.0,101.97839,Delhi,P002,1,195
0,0,0,3,74.99,0,0,283,6,0,0,0.0,203.90448,Delhi,P001,1,358
0,1,0,3,155.73,0,0,113,7,0,0,0.0,80.16321,Delhi,P001,1,157
0,0,4,1,122.97,0,0,153,6,5,1,0.0,106.42762,Delhi,P005,1,196
1,3,1,4,177.19,0,0,139,8,4,0,0.0,75.75218,Indore,P002,1,118
2,5,4,1,168.66,0,0,279,7,5,1,0.0,194.58548,Mumbai,P005,1,334
0,1,3,0,120.81,0,0,161,8,0,0,0.0,112.65023,Delhi,P004,1,206
2,4,1,4,178.22,0,0,213,8,2,0,43.0,169.25883,Mumbai,P002,1,324
1,2,3,0,158.91,0,0,88,6,0,0,59.0,55.250065,Indore,P004,1,107
2,4,3,0,113.6,0,0,243,8,3,0,0.0,164.14848,Mumbai,P004,1,279
1,2,3,0,108.46,0,0,202,6,4,0,63.0,137.13245,Indore,P004,1,239
0,1,1,4,126.92,0,0,233,8,1,0,0.0,175.79898,Delhi,P002,1,324
2,5,1,4,177.05,0,0,217,7,1,0,85.0,147.779,Mumbai,P002,1,256
0,1,3,0,82.92,0,0,298,6,1,0,0.0,206.19652,Delhi,P004,1,350
2,5,4,1,109.86,0,0,175,6,6,1,0.0,116.694565,Mumbai,P005,1,205
2,4,2,2,138.99,1,0,267,8,3,0,56.0,206.05014,Mumbai,P003,1,381
2,4,0,3,134.05,0,0,215,8,4,0,0.0,157.25249,Mumbai,P001,1,286
0,0,2,2,81.92,0,0,170,8,1,0,56.0,118.47747,Delhi,P003,1,215
0,0,1,4,57.48,0,0,219,6,3,0,0.0,166.05763,Delhi,P002,1,309
1,3,4,1,113.88,1,0,195,7,2,0,0.0,134.48332,Indore,P005,1,238
2,4,3,0,172.64,1,0,189,8,5,1,73.0,139.53758,Mumbai,P004,1,259
0,0,0,3,88.12,0,0,191,6,0,0,0.0,153.75209,Delhi,P001,1,300
0,1,1,4,70.24,0,0,134,7,3,0,0.0,91.82963,Delhi,P002,1,171
1,2,0,3,48.38,0,0,169,8,6,1,0.0,116.522766,Indore,P001,1,210
0,0,2,2,187.77,0,0,130,7,0,0,54.0,108.17056,Delhi,P003,1,224
2,4,2,2,120.59,1,0,188,7,4,0,55.0,137.45457,Mumbai,P003,1,254
2,5,1,4,177.4,1,0,309,6,6,1,0.0,206.50081,Mumbai,P002,1,340
0,0,3,0,93.5,0,0,240,7,6,1,0.0,183.51772,Delhi,P004,1,340
1,3,0,3,154.81,0,0,202,6,5,1,0.0,151.05794,Indore,P001,1,281
2,4,4,1,123.42,1,0,213,6,2,0,0.0,167.39859,Mumbai,P005,1,319
1,3,0,3,65.41,0,0,252,7,0,0,0.0,178.97278,Indore,P001,1,314
1,3,2,2,51.73,0,0,117,7,3,0,72.0,74.49663,Indore,P003,1,136
1,2,1,4,187.29,0,0,152,6,5,1,0.0,102.667496,Indore,P002,1,186
2,4,3,0,152.68,0,0,221,8,1,0,0.0,161.44319,Mumbai,P004,1,293
1,3,3,0,179.23,1,0,209,8,4,0,48.0,158.46535,Indore,P004,1,296
2,5,2,2,160.86,0,0,257,7,1,0,70.0,193.20047,Mumbai,P003,1,352
2,4,1,4,192.36,0,0,275,7,5,1,0.0,195.95293,Mumbai,P002,1,342
2,5,0,3,60.31,1,0,313,8,1,0,0.0,226.14954,Mumbai,P001,1,395
2,4,2,2,192.37,0,0,97,6,1,0,47.0,51.055008,Mumbai,P003,1,86
1,2,4,1,88.66,0,0,92,6,2,0,0.0,54.165447,Indore,P005,1,100
2,5,3,0,65.58,0,0,123,7,6,1,73.0,71.62846,Mumbai,P004,1,121
0,0,0,3,88.76,0,0,192,7,4,0,0.0,141.03377,Delhi,P001,1,261
1,2,0,3,160.92,0,0,275,8,0,0,0.0,190.31111,Indore,P001,1,325
1,2,2,2,176.3,0,0,161,8,6,1,84.0,119.8884,Indore,P003,1,228
1,3,1,4,53.81,0,0,186,8,1,0,0.0,125.1081,Indore,P002,1,219
0,1,2,2,125.03,0,0,247,6,4,0,57.0,173.12778,Delhi,P003,1,302
2,4,4,1,99.93,0,0,158,7,0,0,0.0,93.32429,Mumbai,P005,1,151
1,3,1,4,35.06,0,0,131,7,6,1,93.0,77.86833,Indore,P002,1,132
2,5,1,4,31.05,1,0,311,7,6,1,0.0,211.94713,Mumbai,P002,1,354
1,2,0,3,76.18,0,0,143,7,0,0,0.0,102.041756,Indore,P001,1,193
0,0,4,1,133.32,0,0,113,6,2,0,0.0,91.404526,Delhi,P005,1,191
0,1,2,2,175.85,0,0,125,7,2,0,49.0,88.44601,Delhi,P003,1,170
0,0,4,1,98.87,0,0,221,7,0,0,0.0,161.04498,Delhi,P005,1,292
0,0,3,0,157.62,0,0,125,6,5,1,0.0,79.151924,Delhi,P004,1,142
0,1,3,0,137.59,0,0,284,6,1,0,62.0,204.05585,Delhi,P004,1,358
1,3,1,4,69.33,0,0,196,7,3,0,0.0,160.42152,Indore,P002,1,315
2,4,4,1,30.23,0,0,230,6,2,0,0.0,175.44157,Mumbai,P005,1,326
2,5,0,3,86.6,0,0,152,7,2,0,0.0,104.34056,Mumbai,P001,1,191
1,3,0,3,72.98,0,0,234,6,4,0,0.0,178.32634,Indore,P001,1,330
2,5,3,0,190.55,0,0,79,8,3,0,0.0,51.945602,Mumbai,P004,1,106
1,3,3,0,98.51,0,0,215,8,1,0,90.0,148.5354,Indore,P004,1,260
0,0,0,3,113.03,0,0,120,8,0,0,0.0,75.851135,Delhi,P001,1,137
0,0,1,4,163.72,0,0,194,7,2,0,61.0,159.6209,Delhi,P002,1,314
2,5,0,3,141.68,1,0,211,6,4,0,0.0,148.1773,Mumbai,P001,1,263
0,1,2,2,140.63,0,0,133,7,0,0,52.0,95.32204,Delhi,P003,1,182
2,4,1,4,193.7,0,0,126,6,1,0,58.0,84.5395,Mumbai,P002,1,157
1,2,2,2,114.36,0,0,157,7,1,0,47.0,97.52037,Indore,P003,1,165
1,3,3,0,165.02,0,0,156,6,1,0,66.0,115.14305,Indore,P004,1,219
1,3,4,1,64.42,1,1,277,8,3,0,0.0,230.68591,Indore,P005,1,445
0,1,0,3,122.23,0,0,213,6,6,1,0.0,159.57875,Delhi,P001,1,295
1,2,3,0,123.55,0,0,254,8,5,1,62.0,178.54695,Indore,P004,1,311
0,0,2,2,35.0,0,0,182,6,0,0,47.0,93.469124,Delhi,P003,1,128
0,1,4,1,91.5,0,0,221,7,6,1,0.0,162.34833,Delhi,P005,1,296
0,1,3,0,134.01,0,0,200,6,3,0,0.0,143.82129,Delhi,P004,1,261
0,1,2,2,31.6,1,0,209,7,4,0,55.0,161.96617,Delhi,P003,1,306
1,3,0,3,146.26,0,0,208,8,3,0,0.0,151.18336,Indore,P001,1,275
1,2,3,0,52.57,1,0,233,6,0,0,53.0,200.5396,Indore,P004,1,398
1,3,3,0,63.63,1,0,275,7,0,0,91.0,192.25471,Indore,P004,1,331
2,5,2,2,78.49,0,0,157,7,0,0,70.0,93.42087,Mumbai,P003,1,153
2,5,3,0,141.33,0,0,201,8,6,1,0.0,132.73146,Mumbai,P004,1,227
0,0,2,2,87.55,0,0,218,8,3,0,54.0,162.34123,Delhi,P003,1,299
2,4,2,2,32.02,0,0,122,8,6,1,79.0,75.61024,Mumbai,P003,1,134
0,0,1,4,126.64,0,0,201,6,2,0,0.0,151.65668,Delhi,P002,1,283
1,3,0,3,179.98,0,1,201,6,0,0,0.0,162.77744,Indore,P001,1,317
0,1,4,1,45.66,1,0,284,6,5,1,0.0,215.3188,Delhi,P005,1,391
1,2,1,4,198.35,0,1,252,8,3,0,0.0,217.7324,Indore,P002,1,431
0,1,4,1,116.64,1,0,256,7,6,1,0.0,210.71143,Delhi,P005,1,406
1,3,2,2,114.69,0,0,256,8,5,1,88.0,182.24974,Indore,P003,1,320
0,1,1,4,84.55,0,0,216,7,2,0,0.0,157.98004,Delhi,P002,1,287
0,1,4,1,196.42,0,0,149,7,6,1,0.0,95.073326,Delhi,P005,1,166
1,3,0,3,40.63,0,0,154,7,4,0,0.0,103.419304,Indore,P001,1,186
1,2,0,3,94.07,1,0,247,7,3,0,0.0,193.794,Indore,P001,1,364
0,0,2,2,33.05,0,0,190,6,5,1,48.0,160.39005,Delhi,P003,1,321
2,5,1,4,83.25,0,1,175,6,0,0,49.0,129.25583,Mumbai,P002,1,242
1,2,2,2,119.74,0,0,211,8,3,0,56.0,154.50299,Indore,P003,1,282
2,5,4,1,136.07,0,0,114,8,4,0,0.0,75.4302,Mumbai,P005,1,142
2,4,1,4,75.71,0,0,95,6,5,1,74.0,52.409233,Mumbai,P002,1,92
0,1,2,2,30.24,0,0,177,7,2,0,57.0,121.8116,Delhi,P003,1,218
2,5,4,1,72.8,0,0,226,6,5,1,0.0,166.5545,Mumbai,P005,1,303
1,3,4,1,53.06,0,0,173,7,1,0,0.0,119.8868,Indore,P005,1,216
0,0,0,3,133.93,1,0,144,7,0,0,0.0,111.83882,Delhi,P001,1,221
0,0,4,1,118.42,0,0,136,8,2,0,0.0,95.97772,Delhi,P005,1,181
0,1,3,0,151.49,1,0,211,6,6,1,0.0,158.43231,Delhi,P004,1,294
0,0,0,3,138.81,1,0,161,8,2,0,0.0,124.53291,Delhi,P001,1,242
1,2,1,4,79.2,0,0,146,7,2,0,0.0,85.41757,Indore,P002,1,140
0,1,2,2,131.04,0,0,313,8,3,0,54.0,210.54823,Delhi,P003,1,348
1,3,3,0,182.38,0,0,94,6,4,0,45.0,56.255375,Indore,P004,1,104
2,4,0,3,118.2,0,0,301,6,3,0,0.0,205.57695,Mumbai,P001,1,345
0,0,3,0,140.83,0,0,129,6,6,1,0.0,81.920815,Delhi,P004,1,146
2,5,2,2,79.85,0,0,281,6,0,0,52.0,186.68802,Mumbai,P003,1,309
0,1,1,4,88.57,0,0,177,8,5,1,0.0,113.595276,Delhi,P002,1,193
0,0,4,1,99.76,1,0,188,8,5,1,0.0,138.7527,Delhi,P005,1,258
2,5,1,4,36.69,0,0,196,6,0,0,0.0,154.56358,Mumbai,P002,1,297
2,4,1,4,66.27,0,0,141,8,1,0,0.0,91.48191,Mumbai,P002,1,163
1,2,3,0,93.55,0,0,176,7,0,0,79.0,110.78993,Indore,P004,1,186
1,2,0,3,142.41,0,0,173,8,1,0,0.0,109.09294,Indore,P001,1,184
1,2,4,1,46.74,0,0,269,8,6,1,0.0,189.06596,Indore,P005,1,328
1,3,3,0,100.47,1,1,269,8,3,0,73.0,207.2814,Indore,P004,1,382
2,5,4,1,189.52,0,0,116,6,2,0,0.0,74.46172,Mumbai,P005,1,137
0,1,3,0,169.51,0,0,234,8,0,0,0.0,173.94968,Delhi,P004,1,317
2,4,1,4,144.2,0,0,203,8,0,0,58.0,148.6522,Mumbai,P002,1,272
1,3,3,0,71.39,0,0,168,6,3,0,62.0,125.84356,Indore,P004,1,239
2,5,1,4,111.8,0,0,102,7,2,0,64.0,51.192978,Mumbai,P002,1,81
0,0,1,4,107.54,0,0,143,8,4,0,0.0,89.96003,Delhi,P002,1,156
1,3,2,2,38.97,0,0,107,6,3,0,47.0,65.37135,Indore,P003,1,119
0,0,4,1,140.3,0,0,215,6,2,0,0.0,160.91238,Delhi,P005,1,297
2,5,0,3,188.87,0,0,164,7,4,0,0.0,96.79487,Mumbai,P001,1,156
0,1,2,2,98.34,0,0,268,6,5,1,53.0,180.00694,Delhi,P003,1,302
2,4,0,3,67.87,0,0,177,8,0,0,0.0,122.73946,Mumbai,P001,1,221
0,1,3,0,139.08,0,0,257,8,4,0,0.0,184.33817,Delhi,P004,1,326
1,3,2,2,136.63,0,0,153,7,3,0,59.0,104.07592,Indore,P003,1,189
1,3,1,4,84.34,0,0,106,8,1,0,0.0,69.05946,Indore,P002,1,131
1,3,1,4,129.46,0,0,83,7,1,0,0.0,50.08321,Indore,P002,1,97
0,0,2,2,113.7,0,0,176,7,4,0,50.0,113.03951,Delhi,P003,1,193
0,1,2,2,51.36,0,0,104,7,0,0,45.0,79.93414,Delhi,P003,1,165
0,0,1,4,155.39,0,0,127,6,5,1,0.0,85.89866,Delhi,P002,1,160
0,1,2,2,166.96,0,0,283,7,3,0,55.0,193.80916,Delhi,P003,1,328
0,1,1,4,90.54,0,0,205,7,4,0,0.0,133.29749,Delhi,P002,1,224
2,4,2,2,46.14,0,0,198,6,5,1,60.0,135.17697,Mumbai,P003,1,237
2,4,3,0,186.14,0,0,197,6,3,0,74.0,140.2835,Mumbai,P004,1,253
0,1,0,3,186.0,1,0,182,7,3,0,0.0,126.56488,Delhi,P001,1,227
2,5,1,4,138.72,0,0,146,8,0,0,72.0,83.13547,Mumbai,P002,1,133
2,4,4,1,163.64,0,0,199,8,4,0,0.0,142.75764,Mumbai,P005,1,259
0,1,4,1,147.6,0,0,161,7,2,0,0.0,106.81374,Delhi,P005,1,189
0,1,1,4,83.88,0,0,224,8,3,0,0.0,165.80444,Delhi,P002,1,303
1,2,1,4,51.41,1,0,267,6,5,1,0.0,195.00974,Indore,P002,1,348
1,2,2,2,143.08,0,0,220,6,3,0,53.0,170.46295,Indore,P003,1,321
1,2,0,3,156.56,0,0,137,7,2,0,0.0,94.87141,Indore,P001,1,177
2,4,4,1,33.51,1,0,270,8,1,0,0.0,186.78221,Mumbai,P005,1,320
1,2,0,3,64.03,0,0,183,6,0,0,0.0,134.08879,Indore,P001,1,249
0,1,4,1,50.25,0,0,176,7,2,0,0.0,115.648735,Delhi,P005,1,200
0,0,4,1,38.92,0,0,138,7,6,1,0.0,93.40611,Delhi,P005,1,172
2,4,0,3,41.64,0,0,178,6,5,1,0.0,129.72038,Mumbai,P001,1,241
0,0,3,0,140.24,0,0,168,7,4,0,0.0,139.56155,Delhi,P004,1,280
2,5,2,2,192.51,0,1,200,6,0,0,64.0,157.91545,Mumbai,P003,1,303
0,1,3,0,101.61,0,0,179,6,4,0,70.0,148.7478,Delhi,P004,1,297
2,4,1,4,189.92,0,0,103,6,4,0,48.0,55.557503,Mumbai,P002,1,93
0,1,0,3,61.71,0,0,211,8,5,1,0.0,149.5574,Delhi,P001,1,267
0,1,2,2,176.94,0,0,200,6,6,1,57.0,140.55469,Delhi,P003,1,251
2,4,0,3,33.21,0,0,191,8,5,1,0.0,155.65048,Mumbai,P001,1,305
0,1,2,2,199.72,1,0,163,6,4,0,35.0,107.91281,Delhi,P003,1,190
0,0,4,1,190.08,0,0,190,8,4,0,0.0,143.29088,Delhi,P005,1,269
0,1,0,3,31.88,0,0,188,8,4,0,0.0,145.7181,Delhi,P001,1,279
0,0,4,1,103.5,1,0,227,6,6,1,0.0,165.04053,Delhi,P005,1,298
0,0,4,1,46.41,0,0,110,6,6,1,0.0,92.50721,Delhi,P005,1,197
1,3,0,3,73.09,0,0,79,8,4,0,0.0,54.327244,Indore,P001,1,113
0,1,3,0,41.56,0,0,126,7,6,1,0.0,76.362915,Delhi,P004,1,133
0,1,3,0,133.14,0,0,113,6,3,0,0.0,82.33455,Delhi,P004,1,164
0,0,4,1,48.39,1,0,244,7,4,0,0.0,200.30183,Delhi,P005,1,386
0,1,0,3,170.96,0,0,252,8,3,0,0.0,176.68822,Delhi,P001,1,308
2,5,1,4,40.97,0,0,147,7,6,1,0.0,90.51058,Mumbai,P002,1,154
2,4,1,4,143.8,0,0,191,6,0,0,0.0,135.91998,Mumbai,P002,1,246
2,4,4,1,114.08,0,0,144,8,0,0,0.0,85.95444,Mumbai,P005,1,143
0,0,2,2,152.98,0,0,133,6,4,0,35.0,72.12244,Delhi,P003,1,113
0,1,0,3,103.38,0,0,189,6,2,0,0.0,153.1552,Delhi,P001,1,300
0,1,3,0,183.11,0,0,198,8,5,1,0.0,131.00143,Delhi,P004,1,225
0,1,1,4,49.43,0,0,116,6,6,1,0.0,70.020615,Delhi,P002,1,124
2,5,3,0,104.89,0,0,205,8,2,0,0.0,140.62675,Mumbai,P004,1,246
0,1,1,4,35.35,0,0,148,8,0,0,0.0,92.21618,Delhi,P002,1,158
1,2,0,3,154.52,0,0,223,6,5,1,0.0,165.71236,Indore,P001,1,304
0,0,0,3,156.26,0,0,151,8,3,0,0.0,112.6797,Delhi,P001,1,217
0,0,1,4,116.03,0,0,163,7,3,0,0.0,121.8392,Delhi,P002,1,232
2,4,0,3,64.5,0,0,249,6,4,0,0.0,179.00821,Mumbai,P001,1,318
2,5,4,1,86.2,0,0,167,7,0,0,0.0,100.28575,Mumbai,P005,1,163
2,4,4,1,161.04,0,0,190,8,5,1,0.0,132.63307,Mumbai,P005,1,237
2,4,2,2,125.0,0,0,154,7,1,0,54.0,103.43415,Mumbai,P003,1,186
1,2,0,3,113.2,0,0,178,6,5,1,0.0,124.81915,Indore,P001,1,226
0,0,2,2,193.19,0,0,144,8,5,1,55.0,97.759995,Delhi,P003,1,179
1,3,4,1,99.36,0,0,219,7,1,0,0.0,154.0144,Indore,P005,1,273
0,1,2,2,113.25,0,0,254,7,6,1,72.0,178.91656,Delhi,P003,1,312
2,5,2,2,55.55,0,0,126,7,3,0,70.0,80.17317,Mumbai,P003,1,144
0,0,3,0,178.37,0,0,185,6,6,1,0.0,131.95555,Delhi,P004,1,240
1,2,1,4,166.8,0,0,189,7,4,0,0.0,123.991325,Indore,P002,1,212
0,0,0,3,90.52,1,0,140,6,5,1,0.0,102.4552,Delhi,P001,1,197
2,5,4,1,103.52,1,0,274,8,2,0,0.0,206.6469,Mumbai,P005,1,375
0,1,2,2,150.06,0,0,191,6,2,0,62.0,123.508606,Delhi,P003,1,209
0,1,2,2,120.23,0,0,130,8,1,0,56.0,85.34246,Delhi,P003,1,156
1,3,1,4,80.08,0,0,117,7,1,0,0.0,55.14721,Indore,P002,1,78
2,4,4,1,49.6,0,0,177,7,2,0,0.0,121.30932,Mumbai,P005,1,216
2,4,4,1,69.37,1,0,177,7,3,0,0.0,139.78386,Mumbai,P005,1,272
1,2,2,2,153.14,0,0,191,6,2,0,63.0,126.609344,Indore,P003,1,218
2,5,4,1,63.36,0,0,189,6,5,1,0.0,141.63885,Mumbai,P005,1,265
2,4,0,3,94.41,0,0,192,8,4,0,0.0,142.1195,Mumbai,P001,1,264
1,3,2,2,106.16,0,0,155,7,2,0,44.0,102.70765,Indore,P003,1,183
2,4,3,0,188.83,1,0,262,6,3,0,0.0,187.96262,Mumbai,P004,1,331
2,5,3,0,153.2,1,0,206,7,4,0,0.0,147.69629,Mumbai,P004,1,267
0,1,4,1,74.5,0,0,177,8,5,1,0.0,124.58688,Delhi,P005,1,226
1,3,1,4,46.28,1,0,132,7,4,0,0.0,98.75932,Indore,P002,1,194
1,2,2,2,196.82,0,0,225,6,5,1,81.0,163.69421,Indore,P003,1,296
0,1,4,1,59.81,1,0,279,6,4,0,0.0,214.16869,Delhi,P005,1,393
1,3,4,1,40.57,1,0,147,7,6,1,0.0,106.165306,Indore,P005,1,201
0,0,0,3,71.71,0,0,201,6,6,1,0.0,158.63295,Delhi,P001,1,304
0,1,4,1,175.86,0,0,124,6,0,0,0.0,83.201614,Delhi,P005,1,155
1,3,1,4,59.54,0,0,164,6,6,1,0.0,116.793434,Indore,P002,1,216
0,0,2,2,143.94,0,0,73,8,4,0,43.0,62.78476,Delhi,P003,1,145
1,2,0,3,163.35,0,0,160,7,0,0,0.0,103.18412,Indore,P001,1,179
0,1,2,2,41.74,0,0,139,6,6,1,57.0,84.330315,Delhi,P003,1,143
2,4,0,3,112.86,1,0,188,7,6,1,0.0,120.65299,Mumbai,P001,1,203
0,0,0,3,56.53,1,0,181,6,3,0,0.0,136.69101,Delhi,P001,1,259
1,3,4,1,130.02,0,0,265,6,4,0,0.0,190.46605,Indore,P005,1,336
2,4,1,4,76.68,0,0,110,8,5,1,0.0,70.74218,Mumbai,P002,1,132
2,4,3,0,194.54,0,0,248,8,1,0,0.0,184.8044,Mumbai,P004,1,336
1,3,4,1,67.74,0,0,209,8,2,0,0.0,155.7713,Indore,P005,1,288
2,4,0,3,109.95,0,0,220,8,3,0,0.0,159.12723,Mumbai,P001,1,287
1,2,0,3,199.76,0,0,139,7,1,0,0.0,85.84898,Indore,P001,1,148
2,4,4,1,36.42,0,1,170,8,3,0,0.0,109.97859,Mumbai,P005,1,189
2,4,4,1,198.74,0,0,296,6,4,0,0.0,201.5955,Mumbai,P005,1,338
0,0,4,1,92.54,0,0,114,8,0,0,0.0,67.131935,Delhi,P005,1,117
1,3,1,4,133.89,1,0,306,7,3,0,0.0,222.27827,Indore,P002,1,390
0,1,0,3,52.15,0,0,221,7,2,0,0.0,169.16798,Delhi,P001,1,316
0,0,4,1,42.95,1,0,280,6,1,0,0.0,221.61452,Delhi,P005,1,414
2,4,1,4,172.98,0,0,209,8,5,1,50.0,174.5992,Mumbai,P002,1,344
0,1,2,2,136.88,0,0,208,7,2,0,55.0,151.84172,Delhi,P003,1,277
0,0,2,2,90.09,0,0,84,7,4,0,55.0,59.856857,Delhi,P003,1,125
2,5,4,1,48.77,0,0,75,8,6,1,0.0,49.245525,Mumbai,P005,1,102
2,5,1,4,46.81,0,0,248,8,6,1,0.0,183.46307,Mumbai,P002,1,332
0,0,3,0,46.28,0,0,243,8,0,0,0.0,173.27588,Delhi,P004,1,306
0,1,1,4,134.28,0,0,170,6,5,1,0.0,128.95403,Delhi,P002,1,246
2,4,1,4,108.77,0,0,279,6,5,1,0.0,201.37119,Mumbai,P002,1,355
0,1,2,2,171.68,0,0,172,8,4,0,54.0,116.625015,Delhi,P003,1,207
2,5,2,2,144.18,0,0,207,6,2,0,55.0,146.23622,Mumbai,P003,1,261
2,4,1,4,76.7,0,0,200,6,1,0,30.0,164.64764,Mumbai,P002,1,323
2,4,1,4,75.64,0,0,78,6,6,1,0.0,47.720856,Mumbai,P002,1,95
2,5,3,0,180.89,0,0,264,7,5,1,0.0,182.72029,Mumbai,P004,1,314
2,4,0,3,71.79,1,0,233,7,3,0,0.0,178.4205,Mumbai,P001,1,332
2,4,1,4,151.68,1,0,156,7,1,0,65.0,103.81858,Mumbai,P002,1,185
2,4,2,2,77.15,0,0,198,7,6,1,84.0,146.25221,Mumbai,P003,1,270
0,1,3,0,66.3,0,0,210,7,0,0,0.0,154.98418,Delhi,P004,1,284
2,4,0,3,176.29,0,0,202,8,5,1,0.0,138.66023,Mumbai,P001,1,243
1,2,2,2,112.49,0,0,192,8,5,1,62.0,124.72802,Indore,P003,1,212
0,1,4,1,164.85,0,0,207,6,5,1,0.0,157.70827,Delhi,P005,1,296
1,3,1,4,121.22,1,0,134,7,4,0,0.0,90.113846,Indore,P002,1,166
0,0,1,4,117.07,0,0,166,8,0,0,0.0,115.02234,Delhi,P002,1,209
2,5,0,3,84.8,0,0,174,8,1,0,0.0,133.65807,Mumbai,P001,1,256
1,2,0,3,174.9,0,0,120,8,2,0,0.0,81.898735,Indore,P001,1,155
2,4,2,2,81.01,0,0,104,8,5,1,66.0,70.364136,Mumbai,P003,1,137
0,1,2,2,79.34,0,0,306,7,6,1,62.0,217.08128,Delhi,P003,1,375
0,0,2,2,88.9,0,0,248,8,2,0,55.0,183.29495,Delhi,P003,1,331
2,5,1,4,57.54,0,0,201,8,4,0,0.0,164.93881,Mumbai,P002,1,323
2,5,0,3,64.19,0,0,227,6,5,1,0.0,170.66434,Mumbai,P001,1,314
1,2,2,2,35.77,0,0,251,6,5,1,38.0,164.98921,Indore,P003,1,273
2,5,4,1,72.89,0,0,160,8,4,0,0.0,113.080795,Mumbai,P005,1,209
0,1,0,3,135.33,0,0,229,6,2,0,0.0,178.41231,Delhi,P001,1,336
0,1,4,1,33.3,0,0,215,8,1,0,0.0,152.65167,Delhi,P005,1,272
1,3,3,0,51.26,0,0,150,8,4,0,47.0,94.82463,Indore,P004,1,164
0,0,3,0,120.71,0,0,197,6,1,0,0.0,148.28564,Delhi,P004,1,277
1,2,4,1,184.91,0,0,217,8,1,0,0.0,176.1383,Indore,P005,1,341
2,4,1,4,99.61,1,0,246,8,6,1,48.0,187.54248,Mumbai,P002,1,346
2,5,2,2,111.52,1,0,260,8,4,0,55.0,210.739,Mumbai,P003,1,402
1,3,0,3,134.88,1,0,275,6,3,0,0.0,202.57605,Indore,P001,1,362
1,2,0,3,161.58,0,0,220,7,3,0,0.0,166.08876,Indore,P001,1,308
1,3,4,1,165.39,0,0,122,7,3,0,0.0,83.84201,Indore,P005,1,159
1,3,3,0,34.15,1,0,150,6,5,1,38.0,111.34787,Indore,P004,1,214
0,1,4,1,61.99,0,0,164,8,5,1,0.0,116.2626,Delhi,P005,1,214
1,2,2,2,131.59,1,0,197,7,3,0,72.0,132.09862,Indore,P003,1,229
0,1,1,4,120.69,0,0,217,7,1,0,0.0,167.91292,Delhi,P002,1,316
2,4,1,4,99.16,0,0,224,6,1,0,41.0,170.34187,Mumbai,P002,1,317
2,5,0,3,62.22,1,0,173,7,1,0,0.0,131.6858,Mumbai,P001,1,252
1,2,0,3,63.28,0,0,103,7,1,0,0.0,83.08175,Indore,P001,1,176
1,3,4,1,154.83,0,0,92,7,1,0,0.0,56.523968,Indore,P005,1,107
0,0,2,2,150.15,0,0,139,8,2,0,45.0,88.72662,Delhi,P003,1,157
0,1,4,1,45.85,0,0,188,8,4,0,0.0,128.90714,Delhi,P005,1,228
2,5,0,3,55.9,0,0,219,6,1,0,0.0,161.62178,Mumbai,P001,1,295
1,3,1,4,58.6,0,0,261,8,0,0,100.0,181.11777,Indore,P002,1,312
2,4,2,2,152.9,0,0,84,8,0,0,58.0,55.926105,Mumbai,P003,1,113
2,5,0,3,129.59,0,0,248,7,3,0,0.0,187.0884,Mumbai,P001,1,343
0,1,3,0,187.63,0,0,274,7,1,0,0.0,197.26457,Delhi,P004,1,347
2,4,0,3,194.24,1,0,158,8,5,1,0.0,86.58344,Mumbai,P001,1,131
1,3,1,4,199.83,0,0,172,8,2,0,0.0,102.439926,Indore,P002,1,165
0,0,1,4,95.87,1,0,200,7,1,0,0.0,144.62337,Delhi,P002,1,263
0,1,2,2,120.45,0,0,128,7,6,1,89.0,87.18376,Delhi,P003,1,163
2,5,4,1,101.31,0,0,196,7,5,1,0.0,128.32707,Mumbai,P005,1,218
1,3,0,3,157.21,1,0,168,8,1,0,0.0,114.69239,Indore,P001,1,206
2,5,3,0,127.45,0,0,178,6,1,0,0.0,134.80965,Mumbai,P004,1,256
2,5,3,0,169.96,0,0,82,6,4,0,0.0,50.148464,Mumbai,P004,1,98
1,2,0,3,140.86,0,0,211,6,5,1,0.0,154.58975,Indore,P001,1,282
1,3,3,0,177.59,0,0,202,8,3,0,56.0,129.4543,Indore,P004,1,216
2,5,3,0,158.22,0,0,137,6,2,0,0.0,92.45211,Mumbai,P004,1,170
1,3,0,3,99.12,0,0,170,8,1,0,0.0,102.440796,Indore,P001,1,167
1,2,2,2,178.06,0,0,134,6,0,0,79.0,94.56272,Indore,P003,1,179
1,2,2,2,102.73,0,0,207,8,3,0,73.0,153.94049,Indore,P003,1,284
0,0,2,2,69.0,0,0,197,6,1,0,34.0,149.72989,Delhi,P003,1,282
1,3,2,2,182.8,0,0,225,6,6,1,66.0,165.64702,Indore,P003,1,301
0,1,4,1,159.37,0,0,124,6,6,1,0.0,83.43447,Delhi,P005,1,156
1,3,1,4,156.83,0,0,177,6,1,0,0.0,127.728935,Indore,P002,1,236
0,0,1,4,102.45,0,0,93,6,6,1,0.0,73.110245,Delhi,P002,1,156
1,3,4,1,187.7,1,0,187,7,6,1,0.0,134.81912,Indore,P005,1,247
0,0,1,4,158.37,0,0,130,8,1,0,0.0,97.121376,Delhi,P002,1,191
0,0,0,3,105.92,0,0,150,8,0,0,74.0,93.225174,Delhi,P001,1,159
2,4,1,4,125.95,0,0,273,7,4,0,50.0,194.16133,Mumbai,P002,1,339
2,5,0,3,153.73,0,0,186,8,1,0,0.0,131.29271,Mumbai,P001,1,237
1,2,3,0,164.97,1,0,137,7,4,0,51.0,95.00174,Indore,P004,1,178
0,0,3,0,113.89,1,0,167,7,5,1,100.0,116.97411,Delhi,P004,1,213
1,2,2,2,40.31,0,0,125,6,3,0,59.0,79.24275,Indore,P003,1,142
0,0,3,0,179.39,1,0,258,8,4,0,0.0,198.08595,Delhi,P004,1,366
2,5,1,4,120.47,1,0,208,8,2,0,43.0,160.63351,Mumbai,P002,1,303
1,3,1,4,62.78,0,0,103,8,6,1,0.0,83.123924,Indore,P002,1,176
2,4,0,3,99.95,0,0,207,8,2,0,0.0,160.07193,Mumbai,P001,1,303
1,3,1,4,141.04,1,0,320,6,6,1,0.0,213.02534,Indore,P002,1,349
0,0,2,2,148.88,1,0,193,6,6,1,54.0,135.45085,Delhi,P003,1,243
1,2,4,1,59.89,0,0,232,8,5,1,0.0,179.33034,Indore,P005,1,335
2,4,4,1,104.26,0,0,207,6,4,0,0.0,169.60071,Mumbai,P005,1,331
0,1,0,3,191.09,0,0,212,8,1,0,0.0,150.91556,Delhi,P001,1,270
1,3,2,2,59.69,0,0,221,6,5,1,59.0,152.12373,Indore,P003,1,265
1,3,0,3,78.43,0,0,168,8,2,0,0.0,117.13145,Indore,P001,1,213
0,0,0,3,56.48,0,0,217,7,3,0,0.0,163.15228,Delhi,P001,1,302
0,1,3,0,56.73,0,0,172,7,1,0,0.0,114.878914,Delhi,P004,1,202
1,3,4,1,100.03,0,0,167,8,4,0,0.0,110.121956,Indore,P005,1,193
0,1,2,2,30.39,0,0,126,6,1,0,34.0,110.70025,Delhi,P003,1,236
1,2,0,3,71.39,0,0,254,7,5,1,0.0,178.08676,Indore,P001,1,310
2,5,1,4,145.62,0,0,162,8,5,1,0.0,103.186035,Mumbai,P002,1,177
0,0,2,2,108.36,0,0,175,8,5,1,64.0,106.06014,Delhi,P003,1,173
1,3,1,4,43.53,0,0,177,7,0,0,0.0,101.33707,Indore,P002,1,157
1,2,4,1,139.62,0,1,301,8,3,0,0.0,217.75114,Indore,P005,1,382
2,5,1,4,62.26,1,0,112,8,4,0,0.0,90.72634,Mumbai,P002,1,190
1,2,3,0,117.99,0,0,122,7,3,0,72.0,66.74874,Indore,P004,1,108
2,4,3,0,105.7,0,0,196,7,5,1,80.0,115.89086,Mumbai,P004,1,181
0,1,2,2,35.07,0,0,152,8,1,0,40.0,105.63191,Delhi,P003,1,194
0,1,3,0,89.16,1,0,241,7,6,1,0.0,197.79723,Delhi,P004,1,382
0,0,0,3,88.07,1,0,201,7,2,0,0.0,121.56525,Delhi,P001,1,193
1,2,3,0,159.11,1,0,309,8,4,0,48.0,230.55484,Indore,P004,1,412
1,3,3,0,172.89,0,0,150,8,0,0,78.0,97.57299,Indore,P004,1,172
1,2,4,1,39.03,0,0,208,8,5,1,0.0,145.75793,Indore,P005,1,259
1,3,2,2,112.4,0,0,191,7,4,0,51.0,120.36458,Indore,P003,1,200
2,4,2,2,173.03,0,0,252,7,2,0,56.0,185.44891,Mumbai,P003,1,334
1,3,1,4,50.17,0,0,250,8,4,0,0.0,184.05154,Indore,P002,1,332
1,3,4,1,57.53,0,0,141,6,6,1,0.0,78.786,Indore,P005,1,125
2,5,4,1,58.85,0,0,236,6,0,0,0.0,169.73312,Mumbai,P005,1,303
1,2,0,3,36.27,0,0,182,6,6,1,0.0,133.5252,Indore,P001,1,248
0,1,4,1,109.06,1,0,273,6,6,1,0.0,199.21785,Delhi,P005,1,354
0,1,0,3,163.46,1,0,248,7,6,1,0.0,185.62714,Delhi,P001,1,338
2,4,4,1,126.78,1,0,155,7,1,0,0.0,125.20455,Mumbai,P005,1,250
1,2,3,0,143.89,0,0,161,7,6,1,72.0,115.33612,Indore,P004,1,215
2,5,4,1,116.53,1,0,230,8,4,0,0.0,186.8834,Mumbai,P005,1,360
1,2,4,1,172.69,0,0,163,6,2,0,0.0,124.74746,Indore,P005,1,241
2,4,3,0,198.03,0,0,130,6,5,1,0.0,86.94868,Mumbai,P004,1,160
1,2,2,2,123.3,0,0,177,8,6,1,55.0,113.41698,Indore,P003,1,193
1,3,2,2,61.09,1,0,227,6,0,0,53.0,174.10814,Indore,P003,1,325
1,3,2,2,130.35,1,0,267,8,5,1,63.0,202.82605,Indore,P003,1,371
2,5,0,3,174.42,0,0,113,8,2,0,0.0,79.35256,Mumbai,P001,1,155
1,3,4,1,193.56,0,0,185,7,4,0,0.0,134.49667,Indore,P005,1,248
1,3,2,2,135.85,1,0,165,6,1,0,45.0,116.71327,Indore,P003,1,215
2,4,2,2,140.24,0,0,246,7,3,0,65.0,178.53337,Mumbai,P003,1,319
1,3,1,4,78.16,0,0,194,8,2,0,0.0,130.1942,Indore,P002,1,226
0,1,0,3,93.23,0,0,278,6,5,1,0.0,197.35246,Delhi,P001,1,344
0,1,1,4,33.31,0,0,153,7,6,1,0.0,94.14808,Delhi,P002,1,159
2,5,2,2,127.12,0,0,161,6,5,1,70.0,123.75577,Mumbai,P003,1,240
0,0,3,0,31.21,0,0,173,7,6,1,0.0,117.13137,Delhi,P004,1,208
0,1,4,1,199.43,0,0,176,6,1,0,0.0,140.48415,Delhi,P005,1,275
2,4,2,2,181.44,0,0,236,8,0,0,67.0,182.83467,Mumbai,P003,1,342
0,0,3,0,122.26,0,0,144,6,3,0,0.0,91.270744,Delhi,P004,1,159
2,4,1,4,100.06,0,0,153,7,1,0,66.0,107.21838,Mumbai,P002,1,198
0,0,2,2,165.12,0,0,264,6,6,1,57.0,175.1056,Delhi,P003,1,291
0,1,2,2,73.36,0,0,218,7,5,1,54.0,162.07474,Delhi,P003,1,298
1,3,0,3,62.16,0,0,260,7,2,0,0.0,175.8349,Indore,P001,1,297
2,4,1,4,137.12,1,0,180,6,6,1,0.0,137.66641,Mumbai,P002,1,262
1,2,2,2,68.44,0,0,219,6,4,0,44.0,176.25717,Indore,P003,1,339
0,0,4,1,112.89,0,0,152,8,6,1,0.0,93.764786,Delhi,P005,1,159
1,2,4,1,149.67,1,0,97,7,1,0,0.0,63.76274,Indore,P005,1,124
1,3,4,1,82.87,0,0,223,8,3,0,0.0,161.50961,Indore,P005,1,291
1,2,3,0,109.0,1,0,253,7,3,0,59.0,195.18852,Indore,P004,1,362
1,2,3,0,109.26,0,0,183,7,5,1,50.0,110.57886,Indore,P004,1,178
0,0,2,2,96.78,0,0,235,7,3,0,68.0,161.44977,Delhi,P003,1,279
0,1,4,1,134.09,0,0,158,8,5,1,0.0,104.661545,Delhi,P005,1,185
0,0,1,4,150.31,1,0,267,6,6,1,80.0,191.94188,Delhi,P002,1,338
2,5,4,1,159.89,0,0,132,8,5,1,0.0,79.54758,Mumbai,P005,1,136
1,3,2,2,58.34,1,0,165,6,3,0,53.0,123.22543,Indore,P003,1,234
0,1,2,2,167.37,0,0,177,8,6,1,68.0,126.24426,Delhi,P003,1,231
0,0,4,1,154.49,0,0,129,8,3,0,0.0,94.11522,Delhi,P005,1,183
2,5,3,0,75.39,1,0,288,6,5,1,0.0,209.82639,Mumbai,P004,1,371
1,3,0,3,102.22,1,0,124,6,0,0,0.0,96.43907,Indore,P001,1,195
0,0,4,1,176.6,0,0,86,7,1,0,0.0,58.07636,Delhi,P005,1,118
1,3,3,0,165.16,0,0,162,7,5,1,86.0,117.01246,Indore,P004,1,219
0,0,0,3,129.33,1,0,94,6,1,0,0.0,78.48456,Delhi,P001,1,171
0,1,0,3,141.3,0,0,151,6,1,0,0.0,112.40657,Delhi,P001,1,216
0,0,3,0,108.98,0,0,167,7,6,1,0.0,114.90033,Delhi,P004,1,207
1,3,4,1,73.82,0,0,257,8,3,0,0.0,185.32597,Indore,P005,1,328
0,1,2,2,61.14,0,0,202,7,4,0,55.0,142.97752,Delhi,P003,1,256
